{
  "all": [
    "Candidate_Integrated Search",
    "Biometric_Biographic",
    "Fees",
    "Medical (Assessment)",
    "Criminality (Assessment)"
  ],
  "prefs": {
    "Candidate_Integrated Search": { "format": "heur", "ann": "frequency" },
    "Biometric_Biographic": { "format": "heur", "ann": "frequency" },
    "Fees": { "format": "heur", "ann": "frequency" },
    "Medical (Assessment)": { "format": "heur", "ann": "frequency" },
    "Criminality (Assessment)": { "format": "heur", "ann": "frequency" }
  }
}
