{ "all": ["Candidate ID Decision", "Associate Medicals", "Biometric - FCC - NZ", "Candidate Search", "Identity Verification", "Candidate ID", "Auto Promote Decision", "Eligibility Assessment", "Biometric Assessment", "Criminality", "Auto Promote", "Criminality Assessment", "Medical Assessment", "Biographic", "Verification", "Integrated Search", "Other Reqs Assessment", "Biometric - FCC Detail - USA", "Post Identity Checks", "Final Assessment", "Biometric - FCC - USA", "Medical", "Biometrics - RCMP", "Application Status"], "prefs": {"Candidate ID Decision": { "format": "bpmn" }, "Associate Medicals": { "format": "bpmn" }, "Biometric - FCC - NZ": { "format": "bpmn" }, "Candidate Search": { "format": "bpmn" }, "Identity Verification": { "format": "bpmn" }, "Candidate ID": { "format": "bpmn" }, "Auto Promote Decision": { "format": "bpmn" }, "Eligibility Assessment": { "format": "bpmn" }, "Biometric Assessment": { "format": "bpmn" }, "Criminality": { "format": "bpmn" }, "Auto Promote": { "format": "bpmn" }, "Criminality Assessment": { "format": "bpmn" }, "Medical Assessment": { "format": "bpmn" }, "Biographic": { "format": "bpmn" }, "Verification": { "format": "bpmn" }, "Integrated Search": { "format": "bpmn" }, "Other Reqs Assessment": { "format": "bpmn" }, "Biometric - FCC Detail - USA": { "format": "bpmn" }, "Post Identity Checks": { "format": "bpmn" }, "Final Assessment": { "format": "bpmn" }, "Biometric - FCC - USA": { "format": "bpmn" }, "Medical": { "format": "bpmn" }, "Biometrics - RCMP": { "format": "bpmn" }, "Application Status": { "format": "bpmn" }} }