{ "all": ["Candidate ID Decision", "Candidate Search", "Candidate ID", "Auto Promote Decision", "Eligibility Assessment", "Criminality", "Auto Promote", "Criminality Assessment", "Biographic", "Verification", "Integrated Search", "Biometric - FCC Detail - USA", "Biometric - FCC - USA", "Biometrics - RCMP", "Application Status"], "prefs": {"Candidate ID Decision": { "format": "heur", "ann": "frequency" }, "Candidate Search": { "format": "heur", "ann": "frequency" }, "Candidate ID": { "format": "heur", "ann": "frequency" }, "Auto Promote Decision": { "format": "heur", "ann": "frequency" }, "Eligibility Assessment": { "format": "heur", "ann": "frequency" }, "Criminality": { "format": "heur", "ann": "frequency" }, "Auto Promote": { "format": "heur", "ann": "frequency" }, "Criminality Assessment": { "format": "heur", "ann": "frequency" }, "Biographic": { "format": "heur", "ann": "frequency" }, "Verification": { "format": "heur", "ann": "frequency" }, "Integrated Search": { "format": "heur", "ann": "frequency" }, "Biometric - FCC Detail - USA": { "format": "heur", "ann": "frequency" }, "Biometric - FCC - USA": { "format": "heur", "ann": "frequency" }, "Biometrics - RCMP": { "format": "heur", "ann": "frequency" }, "Application Status": { "format": "heur", "ann": "frequency" }} }